ID,Name,Role,Application Date,Status
1,Megan Brown,HR Coordinator,2024-03-21,Interviewing
2,Shirley Warren,HR Coordinator,2024-01-25,Interviewing
3,Glen Ryan,Finance Associate,2025-06-03,Offer Extended
4,George Flores,Editor,2024-08-03,Hired
5,Christine Garcia,HR Coordinator,2024-05-04,Phone Screen
6,Patrick Allen,Marketing Manager,2024-06-26,Phone Screen
7,Andrea Hess,Finance Associate,2024-08-31,Interviewing
8,Eric Decker,Data Analyst,2024-03-23,Hired
9,Krista Powell,Editor,2024-12-17,Offer Extended
10,April Martinez,Finance Associate,2025-05-12,Hired
11,Nathan Fuller,Data Analyst,2024-06-22,Interviewing
12,Crystal Knox,Finance Associate,2025-02-08,Hired
13,Jeffrey Woodard,HR Coordinator,2024-08-09,Offer Extended
14,Anna Olsen,HR Coordinator,2025-06-12,Phone Screen
15,Walter Stanley,Editor,2025-04-05,Offer Extended
16,Jeremy Flores,Marketing Manager,2025-02-13,Interviewing
17,Leslie King,Marketing Manager,2024-09-03,Rejected
18,Heather Ruiz,Production,2024-11-13,Rejected
19,Jennifer Garcia,HR Coordinator,2025-06-24,Rejected
20,Joseph Cross,Finance Associate,2024-01-11,Phone Screen
21,Cheryl Wyatt,Marketing Manager,2025-03-21,Interviewing
22,Colleen Carpenter,Marketing Manager,2024-04-27,Hired
23,Steven Avila,Finance Associate,2024-01-22,Hired
24,Jennifer Price,Marketing Manager,2025-05-01,Interviewing
25,Dawn Lopez,Software Engineer,2024-06-20,Rejected
26,Anthony Shaw,HR Coordinator,2025-06-16,Phone Screen
27,Stephanie Potts,Editor,2024-12-10,Hired
28,Kerri Moreno,Data Analyst,2025-06-15,Hired
29,Diamond Mccall,Data Analyst,2024-06-25,Phone Screen
30,Mark Benson,Production,2025-02-12,Interviewing
31,Eric Phillips,Marketing Manager,2024-03-25,Hired
32,Kelly Duran,Production,2025-03-18,Rejected
33,Jared Shepherd,Editor,2024-07-22,Interviewing
34,Jennifer Murphy,Finance Associate,2024-12-01,Phone Screen
35,Mark Edwards,Production,2024-10-25,Hired
36,Shannon Barnes,Finance Associate,2025-04-02,Offer Extended
37,James Walker,HR Coordinator,2025-06-13,Phone Screen
38,Christine Briggs,Marketing Manager,2024-12-17,Phone Screen
39,Marissa Salas,Marketing Manager,2025-04-17,Phone Screen
40,Kathleen Mccoy,HR Coordinator,2025-06-09,Offer Extended
41,Anna Contreras,Software Engineer,2025-04-16,Rejected
42,Vincent Garcia,Software Engineer,2024-03-20,Phone Screen
43,Anthony Smith,Editor,2024-02-13,Hired
44,Stacey Andersen,Software Engineer,2025-06-04,Hired
45,Dr. Kyle Mcgee,Finance Associate,2024-03-18,Offer Extended
46,Sherri Knapp,Marketing Manager,2024-04-03,Rejected
47,Tina Jones,Production,2025-01-13,Offer Extended
48,Tamara Navarro,Finance Associate,2024-02-08,Rejected
49,Brandon Wheeler,Software Engineer,2024-12-13,Interviewing
50,Scott Maynard,Editor,2024-08-02,Hired
51,Kara Pope,HR Coordinator,2024-09-11,Rejected
52,Joshua Williams,HR Coordinator,2025-01-09,Rejected
53,Karen Powell,Production,2025-06-22,Offer Extended
54,Carla Romero,Marketing Manager,2025-04-28,Phone Screen
55,Joseph Church,HR Coordinator,2025-01-18,Interviewing
56,Casey Martinez,Finance Associate,2024-03-09,Rejected
57,Andrew Warren,Finance Associate,2024-06-27,Hired
58,Samuel Fuller,Marketing Manager,2024-03-28,Hired
59,Deborah Carey,Marketing Manager,2024-06-05,Hired
60,Casey Ramirez,Software Engineer,2024-05-16,Interviewing
61,Danielle Matthews,Production,2024-03-04,Rejected
62,Richard Duncan,Finance Associate,2024-12-26,Interviewing
63,Samantha Clay,Editor,2024-08-14,Hired
64,James Evans,Software Engineer,2024-09-24,Phone Screen
65,Cody Thompson,HR Coordinator,2024-05-12,Rejected
66,Kevin Silva,HR Coordinator,2025-03-16,Phone Screen
67,Russell Stafford,Finance Associate,2025-05-11,Rejected
68,Felicia Doyle,Finance Associate,2024-11-19,Phone Screen
69,Carlos Dougherty,HR Coordinator,2025-05-19,Offer Extended
70,Curtis Acevedo,Editor,2025-01-05,Interviewing
71,Alan Maldonado,Editor,2025-06-20,Offer Extended
72,Mathew Hughes,Finance Associate,2024-02-16,Phone Screen
73,Stephanie Morgan,HR Coordinator,2024-01-26,Interviewing
74,Robin Barnes,HR Coordinator,2025-05-15,Phone Screen
75,Miss Susan Roberts,Marketing Manager,2024-01-08,Offer Extended
76,Denise Norton,Finance Associate,2024-04-26,Hired
77,Michael Melton,HR Coordinator,2024-12-14,Interviewing
78,Randall Blair,Data Analyst,2024-01-22,Offer Extended
79,Dr. Adam Phillips,Finance Associate,2024-06-28,Hired
80,Miss Alicia Sharp,Editor,2024-05-23,Offer Extended
81,Tracy Mays,HR Coordinator,2024-07-31,Hired
82,Mrs. Emily Mclean DDS,Data Analyst,2025-01-28,Interviewing
83,Jacob Holland,Finance Associate,2024-09-17,Rejected
84,Connie Vasquez,Finance Associate,2025-03-02,Rejected
85,James Miller,Production,2024-08-27,Phone Screen
86,Marc Turner,HR Coordinator,2025-05-26,Hired
87,Tami Jones,Marketing Manager,2025-06-15,Interviewing
88,Katrina Mcguire,HR Coordinator,2025-02-28,Interviewing
89,George Smith,Editor,2025-05-11,Phone Screen
90,Mrs. Megan Dougherty,Data Analyst,2025-04-15,Rejected
91,Jennifer Garrett,Marketing Manager,2025-01-23,Hired
92,Lisa Griffin,Finance Associate,2024-01-01,Rejected
93,Ashley Clark,Finance Associate,2025-05-25,Hired
94,Benjamin Hudson,Production,2024-02-16,Offer Extended
95,Lindsey Flores,HR Coordinator,2024-01-10,Offer Extended
96,Laura Garrison,Software Engineer,2024-03-22,Hired
97,Todd Deleon,Editor,2024-08-26,Interviewing
98,Ashley Lynch,Software Engineer,2024-03-01,Hired
99,David Vaughn,Finance Associate,2024-12-10,Hired
100,Lori Woodward,Editor,2024-04-07,Rejected
101,Savannah Martinez,Marketing Manager,2024-11-10,Interviewing
102,Kevin Evans,Editor,2024-05-10,Rejected
103,Steven Long,Editor,2024-12-26,Interviewing
104,Christopher Black,Software Engineer,2024-10-18,Phone Screen
105,Regina Chapman,Finance Associate,2024-06-30,Interviewing
106,Sherry Perez,Production,2025-03-27,Offer Extended
107,Sarah Salazar,Data Analyst,2024-08-14,Phone Screen
108,Jeffery Simmons,Data Analyst,2025-04-03,Phone Screen
109,Kayla Short,Marketing Manager,2025-06-01,Rejected
110,Danielle Brown,HR Coordinator,2025-02-22,Rejected
111,Derek Bush,Software Engineer,2025-05-10,Interviewing
112,Pamela Black,Production,2025-06-09,Interviewing
113,Christopher Burns,Marketing Manager,2025-06-29,Hired
114,Dr. Christina Perez,HR Coordinator,2024-07-22,Offer Extended
115,Holly Wheeler,Marketing Manager,2025-02-20,Offer Extended
116,Tammy Weber,Marketing Manager,2024-09-07,Phone Screen
117,Betty Prince,Data Analyst,2025-06-05,Phone Screen
118,Victoria Williams,Software Engineer,2024-03-24,Interviewing
119,Dr. Jackie Santana DDS,Data Analyst,2024-12-07,Phone Screen
120,Elizabeth Torres,Finance Associate,2024-08-27,Interviewing
121,Zachary Miller,Editor,2024-12-14,Interviewing
122,Eric Martin,Editor,2024-06-11,Hired
123,Troy Hendricks,Finance Associate,2025-03-19,Phone Screen
124,Zachary Alvarado,Software Engineer,2024-01-13,Offer Extended
125,Cynthia Jacobs,Marketing Manager,2025-06-22,Phone Screen
126,Austin Daniel,HR Coordinator,2024-03-03,Hired
127,Kimberly Dean,Editor,2025-06-03,Hired
128,Wayne Floyd,Data Analyst,2025-03-05,Hired
129,Lance Moore,HR Coordinator,2024-09-20,Phone Screen
130,Peter Taylor,Finance Associate,2024-05-09,Hired
131,Jonathan Rosario,Editor,2024-04-06,Rejected
132,Chelsea Anderson,Data Analyst,2024-04-21,Phone Screen
133,David Campbell,Editor,2024-04-11,Phone Screen
134,Brandon Murray,Software Engineer,2024-12-26,Phone Screen
135,Timothy Peters,Marketing Manager,2024-08-13,Hired
136,Katherine Pena,Finance Associate,2024-11-29,Rejected
137,Nancy Henson,HR Coordinator,2024-07-24,Offer Extended
138,Maria Lloyd,Editor,2025-03-05,Rejected
139,Shelby Williams,Software Engineer,2025-05-12,Phone Screen
140,Lisa Williams,Production,2024-01-05,Phone Screen
141,Mrs. Michele Evans,Software Engineer,2024-11-27,Interviewing
142,Eric Cole,Marketing Manager,2025-03-31,Phone Screen
143,Tonya Shepherd,Marketing Manager,2024-01-20,Rejected
144,Destiny Thompson,HR Coordinator,2024-02-06,Offer Extended
145,Jason Roberts,Finance Associate,2024-01-02,Interviewing
146,Heather Shah,Production,2024-01-05,Interviewing
147,Lisa Wood,Editor,2025-06-24,Hired
148,John Curry,Marketing Manager,2024-04-25,Offer Extended
149,Jason Solomon,Production,2024-08-11,Rejected
150,Alexander Graves,Marketing Manager,2024-08-24,Phone Screen
151,Samuel Nielsen,Data Analyst,2024-11-27,Phone Screen
152,Carol Nichols,Production,2024-05-12,Interviewing
153,Matthew Hayes,HR Coordinator,2025-05-05,Interviewing
154,Anthony Arnold MD,HR Coordinator,2024-08-07,Hired
155,Sarah Smith,HR Coordinator,2025-01-30,Phone Screen
156,Cheyenne Anderson,Marketing Manager,2025-04-12,Interviewing
157,Craig Cooper,Finance Associate,2024-04-03,Offer Extended
158,John Santos,Editor,2024-11-09,Rejected
159,William Stewart,Software Engineer,2024-11-12,Rejected
160,George Peters,Production,2025-03-19,Rejected
161,Karen Walsh,Data Analyst,2025-03-17,Interviewing
162,Alexander Barry,Editor,2024-11-26,Phone Screen
163,Shawn Davis,Software Engineer,2024-01-04,Phone Screen
164,Cameron Martinez,Editor,2025-05-09,Offer Extended
165,Richard Williams,Production,2025-04-02,Offer Extended
166,Kelly Haney,Software Engineer,2024-09-14,Rejected
167,Samantha Ponce,HR Coordinator,2024-10-04,Hired
168,Michelle Figueroa,Software Engineer,2024-06-11,Interviewing
169,Emily Figueroa,Data Analyst,2025-06-09,Phone Screen
170,Christopher Lopez,Marketing Manager,2024-05-18,Offer Extended
171,Gail Peterson,Marketing Manager,2024-09-10,Offer Extended
172,Jillian Leonard,Finance Associate,2025-05-12,Interviewing
173,Travis Cook,Marketing Manager,2025-01-18,Hired
174,Courtney Villarreal,Software Engineer,2024-03-16,Hired
175,Victor Smith,Production,2024-08-21,Interviewing
176,Miranda Cohen,Finance Associate,2025-03-15,Rejected
177,Katherine Zamora,HR Coordinator,2024-05-09,Interviewing
178,Scott Summers,Data Analyst,2024-12-13,Hired
179,Melody Ramirez,Finance Associate,2025-03-26,Rejected
180,Rebecca Hobbs,HR Coordinator,2024-11-16,Offer Extended
181,Johnathan Jones,Software Engineer,2024-02-22,Phone Screen
182,Linda Cox,Data Analyst,2024-09-21,Phone Screen
183,Joy Stafford,Data Analyst,2024-01-29,Offer Extended
184,Bradley Garrison,HR Coordinator,2025-03-22,Offer Extended
185,Katie Bird,Software Engineer,2025-01-22,Rejected
186,Justin Scott,Finance Associate,2024-09-28,Offer Extended
187,Mark Mccullough,Editor,2025-05-26,Offer Extended
188,Daniel Mays,Software Engineer,2024-05-03,Hired
189,Amber Ruiz,Data Analyst,2024-03-27,Offer Extended
190,Gail Mccarthy,Marketing Manager,2024-06-08,Phone Screen
191,Paul Smith,Editor,2024-10-14,Hired
192,Heather Roberts,Production,2025-04-08,Offer Extended
193,Raymond Gray,Editor,2025-01-18,Rejected
194,Lisa Valdez,Marketing Manager,2025-01-03,Offer Extended
195,Kristin Kennedy,Finance Associate,2024-10-04,Rejected
196,Brian Esparza,Marketing Manager,2024-02-11,Rejected
197,Connor Robinson,Production,2025-04-04,Rejected
198,Gary Hester,Marketing Manager,2025-02-16,Interviewing
199,Robert Davis,Software Engineer,2024-02-11,Hired
200,James Graham,Editor,2024-01-24,Hired
201,Steven Cook,Finance Associate,2024-05-15,Hired
202,Isaiah Coleman,Finance Associate,2024-05-30,Phone Screen
203,Sarah Gibbs,Production,2024-07-04,Phone Screen
204,Joshua Carr,Finance Associate,2024-02-14,Hired
205,Amy Henderson,Finance Associate,2024-12-19,Rejected
206,Kelly Conrad,Editor,2024-09-30,Rejected
207,Matthew Mathis,Marketing Manager,2024-09-15,Phone Screen
208,Kyle Miranda,Production,2024-06-28,Interviewing
209,Hunter White,Finance Associate,2024-09-28,Offer Extended
210,Alexandra Ramos,HR Coordinator,2025-05-05,Hired
211,Megan Jackson,Finance Associate,2024-12-18,Offer Extended
212,Julie Morris,Editor,2025-04-22,Hired
213,Robert Saunders,Editor,2025-04-17,Phone Screen
214,Ashley Watson,Data Analyst,2024-11-12,Phone Screen
215,Deborah Collins,Editor,2024-02-10,Phone Screen
216,David Diaz,Finance Associate,2024-03-16,Interviewing
217,Anthony Johnson,Finance Associate,2025-05-08,Hired
218,Daniel Ortiz,Data Analyst,2024-09-10,Interviewing
219,Margaret Miller,Finance Associate,2025-03-29,Offer Extended
220,Joseph Maynard,Finance Associate,2024-12-05,Interviewing
221,Cynthia Graves,Data Analyst,2024-03-10,Rejected
222,Virginia Nguyen,Marketing Manager,2024-06-23,Offer Extended
223,Joshua Hill,Production,2025-01-15,Rejected
224,Derek Chandler,Software Engineer,2025-06-17,Rejected
225,Laura Gonzalez,HR Coordinator,2025-01-01,Rejected
226,Amanda Charles,Editor,2024-12-27,Hired
227,Brittany Villarreal,Production,2025-06-17,Rejected
228,Anthony Miller,HR Coordinator,2024-09-02,Hired
229,Richard Cruz,Production,2024-03-15,Interviewing
230,Peter Shepard,HR Coordinator,2024-10-19,Rejected
231,Andrew Duncan,Finance Associate,2024-11-03,Rejected
232,Regina Long,Data Analyst,2024-05-04,Phone Screen
233,Erik Brown,Finance Associate,2025-06-27,Hired
234,Derrick Whitney,HR Coordinator,2024-01-21,Phone Screen
235,Priscilla Day,Production,2025-01-13,Rejected
236,Colleen Fletcher,Finance Associate,2024-12-07,Hired
237,Brittany Schroeder,Production,2024-07-10,Hired
238,Tina Howell,Data Analyst,2024-03-16,Interviewing
239,Hector Warner,Software Engineer,2024-11-06,Interviewing
240,Lori Holloway,Finance Associate,2024-02-19,Offer Extended
241,Jennifer Paul,Finance Associate,2025-03-13,Hired
242,Jodi Brown,Data Analyst,2025-05-24,Offer Extended
243,Tamara Smith,Marketing Manager,2024-07-01,Interviewing
244,Glenn Martinez,HR Coordinator,2025-05-03,Phone Screen
245,Daniel Madden Jr.,Data Analyst,2024-01-15,Phone Screen
246,Chelsea Kaiser,Production,2024-07-09,Phone Screen
247,William Wells,Data Analyst,2025-05-21,Offer Extended
248,Ashley Tanner,HR Coordinator,2024-09-25,Offer Extended
249,Cory James,Finance Associate,2024-03-22,Phone Screen
250,Douglas Shaw,Software Engineer,2024-08-21,Offer Extended
251,Omar Forbes,Editor,2024-09-25,Hired
252,Joel Morales,Finance Associate,2024-07-19,Offer Extended
253,Marissa Lopez,Software Engineer,2025-04-30,Offer Extended
254,Jessica Castillo,Marketing Manager,2024-11-23,Phone Screen
255,Mary Lopez,Finance Associate,2025-02-16,Interviewing
256,Sarah Lee,Marketing Manager,2025-02-17,Offer Extended
257,Valerie Sellers,Data Analyst,2025-01-13,Offer Extended
258,Megan Anderson,Data Analyst,2025-05-15,Offer Extended
259,Joshua Williams Jr.,Editor,2024-03-21,Hired
260,Bryan Allen,HR Coordinator,2024-01-04,Rejected
261,Monique Romero,Software Engineer,2024-01-26,Offer Extended
262,Allison Nolan,Marketing Manager,2024-04-03,Rejected
263,Brian Knight,Data Analyst,2024-09-02,Hired
264,Jennifer Walker,Data Analyst,2024-10-08,Rejected
265,Harry Foster,Finance Associate,2024-08-14,Rejected
266,Elizabeth Olson,Software Engineer,2024-09-01,Hired
267,April Tyler,Finance Associate,2024-07-09,Hired
268,Sharon Cantu,Editor,2025-03-01,Interviewing
269,Matthew Ramsey,Production,2025-03-14,Hired
270,Charles White,Data Analyst,2025-06-28,Rejected
271,Kevin Young,Marketing Manager,2024-09-14,Hired
272,Nathan Hood,Production,2024-04-03,Rejected
273,Elizabeth Hunt,Data Analyst,2024-01-17,Hired
274,William Henderson,Data Analyst,2025-04-18,Hired
275,Sarah Chavez,Finance Associate,2025-06-13,Rejected
276,Timothy Hardy,Software Engineer,2025-04-21,Interviewing
277,Edward Jarvis,HR Coordinator,2024-06-19,Interviewing
278,Leslie Daniel,Finance Associate,2024-06-14,Interviewing
279,Melanie Jacobs,Finance Associate,2024-05-26,Rejected
280,Elizabeth Farley PhD,Software Engineer,2024-07-21,Hired
281,Theodore Watts,Production,2024-02-29,Interviewing
282,Zachary Neal MD,Production,2024-11-22,Interviewing
283,Karen Acosta,Data Analyst,2025-03-10,Phone Screen
284,Vincent Brown,Production,2024-06-09,Interviewing
285,David Hanson,Software Engineer,2025-01-13,Phone Screen
286,Michele Bowman,Data Analyst,2024-07-15,Rejected
287,Jamie Atkinson,Software Engineer,2025-02-17,Hired
288,Rebecca Thompson,Editor,2025-03-08,Phone Screen
289,Michael Stewart,Data Analyst,2025-01-13,Hired
290,Patricia Gonzalez,Data Analyst,2024-07-20,Rejected
291,Nicholas Moore,Editor,2024-12-12,Interviewing
292,Thomas Ruiz PhD,Marketing Manager,2024-02-06,Phone Screen
293,Sharon Zimmerman,Marketing Manager,2024-04-15,Phone Screen
294,Ian Gross,HR Coordinator,2025-06-29,Rejected
295,Jennifer Hawkins,Editor,2024-08-04,Rejected
296,Dustin Meyer,Marketing Manager,2025-06-26,Offer Extended
297,Drew Wallace,Finance Associate,2025-04-17,Offer Extended
298,Kari Brown,Marketing Manager,2024-06-08,Offer Extended
299,Patricia Lynch,Data Analyst,2025-05-24,Phone Screen
300,Megan Thomas,Software Engineer,2024-11-18,Offer Extended
301,Eric Flores,Editor,2025-05-04,Rejected
302,Sheri Saunders,Marketing Manager,2024-05-25,Interviewing
303,Anthony Jackson,Editor,2024-09-28,Offer Extended
304,Joseph Morrow,Data Analyst,2024-04-23,Rejected
305,Brian Flynn,Production,2025-02-03,Rejected
306,Nicholas Reynolds,Finance Associate,2024-06-11,Rejected
307,Phillip Mathis,Data Analyst,2024-11-20,Interviewing
308,Travis Hammond,Finance Associate,2024-10-13,Interviewing
309,Tonya Gregory,Data Analyst,2025-03-07,Interviewing
310,Kyle Scott,Editor,2025-05-18,Interviewing
311,Margaret Cordova,Software Engineer,2024-12-06,Hired
312,Susan Orozco,Data Analyst,2025-02-16,Offer Extended
313,Adam Nguyen,Production,2025-05-17,Phone Screen
314,Kathryn White,Production,2025-03-04,Interviewing
315,Kimberly Lewis,Data Analyst,2024-02-05,Hired
316,Johnny Carey,Software Engineer,2024-01-12,Hired
317,Christopher Weaver,Production,2024-01-16,Interviewing
318,Scott Sutton,HR Coordinator,2024-02-04,Hired
319,Mary Miller,Editor,2024-02-22,Hired
320,Kenneth Smith,Production,2024-12-03,Hired
321,Jason Bush,Production,2024-06-25,Rejected
322,Rodney Moore,Production,2024-11-30,Rejected
323,Emily Klein,Marketing Manager,2024-07-07,Rejected
324,Anthony Ray,Marketing Manager,2024-08-18,Offer Extended
325,Breanna Bush,HR Coordinator,2024-12-18,Phone Screen
326,Zachary Obrien,HR Coordinator,2025-02-08,Offer Extended
327,Kaitlin Nelson,Production,2024-11-26,Rejected
328,Laurie Jacobs,Finance Associate,2024-08-04,Hired
329,Alicia Young,HR Coordinator,2025-03-23,Hired
330,Max Moore,Marketing Manager,2024-02-17,Phone Screen
331,Ryan Martinez,Production,2024-02-29,Hired
332,Katherine Jones,Production,2024-04-25,Rejected
333,Samantha Vasquez,Data Analyst,2024-04-04,Phone Screen
334,Curtis Crawford,Data Analyst,2024-02-08,Interviewing
335,Jason Jenkins,Production,2024-12-12,Interviewing
336,Heather Adams,Finance Associate,2024-08-01,Offer Extended
337,Mrs. Deborah Henderson,Software Engineer,2024-08-30,Hired
338,Christine Wade,Data Analyst,2024-04-19,Offer Extended
339,Katie Cunningham,Editor,2025-02-21,Phone Screen
340,Taylor Keller,Software Engineer,2025-04-29,Rejected
341,Dr. Kim Parker,HR Coordinator,2024-08-29,Interviewing
342,Tommy Bryant,HR Coordinator,2025-04-04,Phone Screen
343,Lori Barton,HR Coordinator,2025-02-05,Phone Screen
344,Leah Mcdonald,Finance Associate,2025-05-10,Phone Screen
345,James Davis,Editor,2024-01-18,Hired
346,Joseph Hall,Editor,2025-06-25,Phone Screen
347,Ethan Carter,Marketing Manager,2025-04-19,Hired
348,Jesus Moore,Finance Associate,2025-06-11,Phone Screen
349,Miranda Smith,HR Coordinator,2024-04-13,Rejected
350,John Palmer III,Editor,2024-10-12,Offer Extended
351,Melvin Smith,HR Coordinator,2025-06-28,Interviewing
352,Elizabeth Martinez,Marketing Manager,2024-06-06,Phone Screen
353,William Arnold,HR Coordinator,2024-04-28,Phone Screen
354,Gabriela Faulkner,Marketing Manager,2024-06-29,Phone Screen
355,Kelsey Jackson,HR Coordinator,2024-12-28,Interviewing
356,Gerald Pena,Data Analyst,2024-10-18,Hired
357,Benjamin Lindsey,Software Engineer,2025-01-20,Rejected
358,Michelle Duffy,Marketing Manager,2024-07-16,Hired
359,Pamela Forbes,HR Coordinator,2025-03-07,Rejected
360,Jenna Rodriguez,Software Engineer,2025-03-02,Rejected
361,Miss Sandra Mitchell,Production,2025-04-12,Rejected
362,Robert Deleon,Data Analyst,2025-06-24,Rejected
363,Lauren Holder,Software Engineer,2025-05-31,Offer Extended
364,Scott Lewis,Editor,2025-03-23,Hired
365,Kyle Simmons,Software Engineer,2025-06-08,Rejected
366,Jessica Knapp,Finance Associate,2025-04-30,Interviewing
367,Patrick Evans,Finance Associate,2024-01-02,Hired
368,Shawn Serrano,HR Coordinator,2025-04-18,Phone Screen
369,Jason Kelly,Production,2024-05-04,Hired
370,Gary Cox,Production,2024-07-15,Rejected
371,Dawn Smith,Editor,2024-01-19,Rejected
372,Monica Herman,Production,2024-10-29,Hired
373,Susan Hartman,Editor,2025-06-21,Offer Extended
374,Michelle Davidson,Finance Associate,2024-10-27,Offer Extended
375,Eric Huffman,Production,2024-04-16,Phone Screen
376,John York,HR Coordinator,2024-12-03,Hired
377,Teresa Murphy,Finance Associate,2024-09-25,Rejected
378,Brittany Russell,Finance Associate,2024-06-18,Offer Extended
379,Brian Kirk,Software Engineer,2025-01-22,Phone Screen
380,Judith Rhodes,Marketing Manager,2024-07-01,Phone Screen
381,Bailey Bennett,Finance Associate,2025-02-17,Phone Screen
382,Dr. Sandra Wheeler,Data Analyst,2024-01-15,Offer Extended
383,Kathy Alexander,Marketing Manager,2025-01-24,Hired
384,Kenneth Walker,Editor,2025-03-30,Rejected
385,Robert Herrera,Production,2025-04-27,Interviewing
386,Tina Moreno,HR Coordinator,2025-03-03,Rejected
387,Carl Crawford,Finance Associate,2024-07-09,Interviewing
388,Angela Ramirez,Marketing Manager,2024-01-09,Phone Screen
389,David Lopez,Software Engineer,2024-08-15,Rejected
390,Joshua Mora,Software Engineer,2025-05-13,Offer Extended
391,Jenny Yoder,Marketing Manager,2024-02-29,Offer Extended
392,Jennifer Torres,Production,2024-11-23,Interviewing
393,Matthew Welch,Production,2024-08-13,Hired
394,Heidi Crosby,Production,2024-11-01,Rejected
395,Phillip Roman,Software Engineer,2024-07-13,Interviewing
396,John Howell,HR Coordinator,2024-10-06,Offer Extended
397,Larry Kelly,Marketing Manager,2024-12-23,Hired
398,Sara Webb,Data Analyst,2025-01-19,Offer Extended
399,Justin Patterson,Software Engineer,2025-01-02,Hired
400,Tammy Lawson MD,Editor,2025-05-08,Hired
401,Anita Cruz,Finance Associate,2025-02-21,Hired
402,Leslie Barrera,Marketing Manager,2024-09-09,Rejected
403,Tyler Perez,Production,2024-04-16,Hired
404,Dr. Ronald Torres,Editor,2024-03-12,Phone Screen
405,Sandy Boyer,Editor,2024-03-26,Hired
406,Michelle White,Production,2024-08-26,Rejected
407,Patrick Young,Marketing Manager,2024-11-26,Phone Screen
408,Dr. Gary Taylor,Data Analyst,2024-09-14,Phone Screen
409,Raymond Cooper,Software Engineer,2024-10-19,Rejected
410,Lance Owens,HR Coordinator,2024-06-11,Phone Screen
411,Melinda Potts,Marketing Manager,2025-02-01,Offer Extended
412,Daniel Harding,Production,2025-01-27,Hired
413,Sarah Hill,Marketing Manager,2025-05-21,Phone Screen
414,Zachary Roberts,Software Engineer,2024-11-02,Offer Extended
415,Isaac Hill,Software Engineer,2025-03-08,Interviewing
416,Thomas Frederick,Production,2024-01-10,Hired
417,Tracy Burke,Software Engineer,2025-06-04,Hired
418,Brian Spencer,Software Engineer,2025-06-04,Interviewing
419,Julia Hall,Data Analyst,2025-06-08,Offer Extended
420,Alison Ballard,Editor,2025-05-25,Offer Extended
421,Caitlin Simmons,Marketing Manager,2024-06-09,Interviewing
422,Melissa Valentine,Production,2024-06-30,Hired
423,Michael Wilson,Editor,2024-07-12,Hired
424,Beth Johnson,HR Coordinator,2024-10-14,Offer Extended
425,Eric Reed,Marketing Manager,2024-01-28,Phone Screen
426,Amy Jimenez,Data Analyst,2025-02-14,Phone Screen
427,Brooke Harmon DDS,Finance Associate,2024-07-15,Phone Screen
428,Aaron Stewart,Production,2025-01-08,Offer Extended
429,Richard Sims,Software Engineer,2025-03-20,Rejected
430,Joseph Harrison,Finance Associate,2024-07-23,Offer Extended
431,Michael Jones,Production,2025-02-27,Hired
432,Sarah Ayers,Production,2025-02-18,Hired
433,Lindsey Wells,Data Analyst,2025-06-25,Hired
434,James Gonzalez,Editor,2024-02-19,Rejected
435,Karen Nicholson,Software Engineer,2024-09-09,Phone Screen
436,Jennifer Hughes,Marketing Manager,2025-06-03,Interviewing
437,Alexandra Martin,Data Analyst,2025-03-26,Rejected
438,Samantha Rios,Software Engineer,2024-12-06,Hired
439,Ryan Kelly,Production,2024-08-15,Phone Screen
440,Dawn Johnson,HR Coordinator,2024-09-23,Hired
441,Timothy Yang,Data Analyst,2024-05-19,Interviewing
442,Scott Ward,Finance Associate,2025-05-15,Offer Extended
443,Thomas Robinson,Data Analyst,2024-04-22,Offer Extended
444,Mrs. Paula Yates,HR Coordinator,2024-07-09,Interviewing
445,Craig White,Production,2025-04-29,Hired
446,Aimee Ramirez,Data Analyst,2024-12-24,Offer Extended
447,Ebony Hutchinson,Data Analyst,2024-04-17,Rejected
448,Dillon Horne,Production,2024-07-11,Phone Screen
449,Nicholas Lang,Editor,2025-02-13,Offer Extended
450,Maria Roberts,Marketing Manager,2024-04-07,Phone Screen
451,Susan Clark,HR Coordinator,2024-08-17,Hired
452,Robert Bowman,HR Coordinator,2025-02-11,Phone Screen
453,Eric Owens,Editor,2024-10-06,Offer Extended
454,Kristin Young,Finance Associate,2024-02-12,Hired
455,Jeffrey Dixon,Marketing Manager,2025-02-07,Rejected
456,Lisa Moreno,Software Engineer,2024-01-03,Offer Extended
457,Victor Carey,Editor,2025-02-24,Rejected
458,Richard Nguyen,HR Coordinator,2025-01-10,Phone Screen
459,Kristopher Reyes,Production,2024-09-17,Hired
460,Ashley Price,Production,2025-06-27,Offer Extended
461,Charlotte Roberts,Finance Associate,2024-03-23,Phone Screen
462,William Cordova,Editor,2024-02-13,Interviewing
463,Dr. Terry Wallace,Software Engineer,2024-05-08,Hired
464,Randall Turner,Editor,2024-05-12,Rejected
465,Diana Cunningham,Production,2024-10-24,Phone Screen
466,James Young Jr.,HR Coordinator,2024-08-07,Hired
467,Deborah Silva,HR Coordinator,2024-08-10,Offer Extended
468,Tonya Green,Production,2024-05-22,Interviewing
469,Timothy Jackson,Software Engineer,2024-01-28,Phone Screen
470,David Hughes,Software Engineer,2025-03-09,Interviewing
471,Jennifer Singh,Finance Associate,2025-01-23,Rejected
472,Amy Reynolds,Finance Associate,2024-01-19,Phone Screen
473,April Mitchell,Editor,2024-06-12,Rejected
474,Jeremy Lewis,Software Engineer,2024-04-15,Phone Screen
475,Vicki Gallagher,Finance Associate,2024-04-16,Interviewing
476,Mary Krueger,Finance Associate,2024-05-20,Offer Extended
477,Stephen Jones,Software Engineer,2025-04-30,Phone Screen
478,Karen Robbins,Finance Associate,2024-11-18,Interviewing
479,Jessica Conley,Software Engineer,2024-08-19,Interviewing
480,Emily Grimes,HR Coordinator,2024-08-23,Interviewing
481,Carlos Lowery,Software Engineer,2024-06-04,Hired
482,Kathy Benson,Data Analyst,2024-07-27,Phone Screen
483,Anna Smith,Finance Associate,2025-04-21,Rejected
484,Joshua Beltran,Finance Associate,2024-11-24,Hired
485,Don Morgan,HR Coordinator,2025-03-30,Phone Screen
486,Sheila Harrison,Software Engineer,2025-03-25,Rejected
487,James Wiley,Data Analyst,2024-10-12,Interviewing
488,Robert Odonnell,Editor,2024-01-09,Hired
489,Eddie Reyes,Editor,2024-01-31,Offer Extended
490,Douglas Sandoval,Finance Associate,2025-01-11,Phone Screen
491,Brooke Carroll,Editor,2024-07-31,Interviewing
492,Randy Curtis,HR Coordinator,2025-03-01,Offer Extended
493,Vicki Frazier,Production,2024-10-25,Offer Extended
494,Daniel Grant,Software Engineer,2024-02-15,Rejected
495,Shannon Washington,HR Coordinator,2024-05-28,Interviewing
496,Joseph Brady,Data Analyst,2025-01-01,Interviewing
497,Margaret Brown,Marketing Manager,2025-06-05,Phone Screen
498,Christina Williams,Finance Associate,2024-12-09,Interviewing
499,Nicholas Gonzales,Editor,2024-12-04,Phone Screen
500,Gregory Singh,Finance Associate,2024-06-24,Phone Screen
501,Erica Gonzalez,Finance Associate,2025-03-20,Phone Screen
502,Katie Harrington,Production,2024-08-11,Interviewing
503,Tina Powell,Production,2025-02-11,Interviewing
504,Maurice Joseph,Finance Associate,2024-09-23,Offer Extended
505,Alexandra Jones,Finance Associate,2024-03-24,Phone Screen
506,Warren Hartman,Editor,2025-05-28,Offer Extended
507,Maria Mitchell,Editor,2024-01-07,Rejected
508,Elizabeth Elliott,HR Coordinator,2024-12-18,Offer Extended
509,Katherine Irwin,Production,2024-11-11,Offer Extended
510,Dominique Ware,Finance Associate,2024-06-28,Hired
511,Lisa Chavez,Marketing Manager,2024-01-15,Phone Screen
512,Katherine Scott,Marketing Manager,2024-10-15,Interviewing
513,Stephen Moran,Data Analyst,2024-01-26,Hired
514,Cory Brown,Data Analyst,2025-01-28,Phone Screen
515,James Baker,Editor,2025-04-23,Hired
516,Jennifer Jefferson,Software Engineer,2024-03-20,Hired
517,Jennifer Walker,Software Engineer,2025-03-23,Interviewing
518,Aaron Woods,Marketing Manager,2025-06-03,Phone Screen
519,Brandon Snyder,Data Analyst,2024-05-27,Interviewing
520,Adam Murphy,Editor,2025-03-18,Hired
521,Rebecca Escobar,Production,2024-09-12,Offer Extended
522,Martin Bennett,Data Analyst,2024-02-26,Hired
523,Dr. Paul Cole,Editor,2024-07-29,Hired
524,Patricia Taylor,Data Analyst,2024-09-02,Rejected
525,Danielle Hernandez,Production,2024-07-09,Rejected
526,Lisa Nguyen,Editor,2025-04-18,Phone Screen
527,Wesley Jones,Data Analyst,2024-10-10,Hired
528,Shannon Jones,Data Analyst,2025-01-03,Interviewing
529,Tyler Mcneil,Software Engineer,2024-09-16,Offer Extended
530,Mr. Robert Smith Jr.,Production,2024-12-15,Phone Screen
531,Andrew Brown,Marketing Manager,2025-04-03,Offer Extended
532,Darryl Bowers,HR Coordinator,2024-02-07,Phone Screen
533,Michelle Rose,Finance Associate,2024-02-02,Phone Screen
534,Ryan Ballard,Marketing Manager,2025-03-11,Offer Extended
535,Kelly Short,Finance Associate,2025-05-20,Offer Extended
536,James Ramirez,Finance Associate,2024-04-10,Offer Extended
537,Jessica Chapman,Finance Associate,2024-05-15,Rejected
538,Rebecca Murphy,Editor,2024-03-19,Phone Screen
539,Ronald Robinson,HR Coordinator,2024-08-18,Phone Screen
540,Marisa Sanchez,Data Analyst,2024-11-04,Interviewing
541,Morgan Flynn,Software Engineer,2025-01-15,Interviewing
542,Allison Daniel,Production,2024-11-18,Phone Screen
543,Stephanie Garza,Production,2025-05-18,Phone Screen
544,Mathew Jackson,Marketing Manager,2024-08-16,Hired
545,Justin Williams,Data Analyst,2024-03-03,Interviewing
546,Brandon Jones,Editor,2024-02-15,Interviewing
547,Christy Lopez,Data Analyst,2025-03-23,Offer Extended
548,Deborah Reed,Marketing Manager,2025-06-02,Offer Extended
549,Melinda Webb,Data Analyst,2025-02-20,Interviewing
550,Christine Juarez,HR Coordinator,2024-05-27,Rejected
551,Jamie Hess,Finance Associate,2024-05-21,Phone Screen
552,Lisa Richard,Finance Associate,2024-04-30,Hired
553,Gabrielle Vargas,Finance Associate,2024-07-08,Hired
554,Steven Hernandez,Production,2024-01-30,Interviewing
555,Rebecca Figueroa,Editor,2024-07-30,Offer Extended
556,Richard Campbell,Finance Associate,2025-01-28,Hired
557,Shannon Mcknight,Software Engineer,2024-04-28,Rejected
558,Kerri Mullins,Editor,2025-05-13,Offer Extended
559,William Mckenzie,Finance Associate,2024-08-26,Interviewing
560,Ryan Ferrell,Editor,2025-01-23,Hired
561,Shane Anderson,HR Coordinator,2025-02-11,Hired
562,Paul Woodward,HR Coordinator,2024-12-21,Phone Screen
563,Kerri Pope,Software Engineer,2024-07-10,Interviewing
564,Timothy Ball,Production,2024-11-30,Rejected
565,David Lewis,Finance Associate,2024-01-11,Phone Screen
566,Amber Gardner,Data Analyst,2024-03-19,Rejected
567,John Hill,Editor,2025-04-09,Offer Extended
568,Thomas Beck,Marketing Manager,2024-04-24,Interviewing
569,Colleen Collins,Software Engineer,2024-03-18,Phone Screen
570,John Parker,HR Coordinator,2024-01-07,Phone Screen
571,Kimberly Lee,Software Engineer,2024-08-26,Rejected
572,Dakota Navarro,Marketing Manager,2024-05-08,Phone Screen
573,Dr. William Silva,Software Engineer,2024-10-17,Rejected
574,Wendy Martin,Production,2025-04-10,Rejected
575,Barbara Rivera,Data Analyst,2024-05-02,Interviewing
576,Robert Fowler,Marketing Manager,2024-09-06,Interviewing
577,Zachary Melton,Software Engineer,2024-04-11,Hired
578,Brent Reed,Software Engineer,2024-12-02,Rejected
579,Christopher Strong,Data Analyst,2024-05-16,Hired
580,Ronnie Barnes,Finance Associate,2024-10-09,Hired
581,Wendy Taylor,Software Engineer,2024-06-20,Rejected
582,Tony Green,Software Engineer,2025-02-07,Hired
583,Stephanie Gonzalez,Production,2025-04-18,Interviewing
584,Samantha Davis,Editor,2024-10-22,Phone Screen
585,Douglas Jennings,Software Engineer,2025-03-17,Phone Screen
586,Chris Turner,Software Engineer,2025-04-17,Rejected
587,Rebecca Mejia,Marketing Manager,2025-01-02,Phone Screen
588,Leslie Delgado,Finance Associate,2024-01-13,Interviewing
589,Heather Meyers,Production,2025-06-18,Phone Screen
590,Mr. Mark Hatfield,Software Engineer,2025-06-21,Interviewing
591,Wesley Gutierrez,Finance Associate,2024-01-21,Interviewing
592,Ian Walker,Editor,2024-02-09,Hired
593,Beth Fields DDS,HR Coordinator,2024-11-09,Hired
594,Dr. Vanessa Martin,HR Coordinator,2024-03-02,Phone Screen
595,Melissa Smith,Software Engineer,2024-10-19,Offer Extended
596,Dominique Gonzalez,Production,2024-04-18,Rejected
597,Jason Hess,Software Engineer,2024-07-17,Rejected
598,Cynthia Stevens,Finance Associate,2025-01-15,Hired
599,Amanda Reeves,Data Analyst,2024-12-27,Interviewing
600,Taylor Weber,Software Engineer,2024-11-03,Phone Screen
601,Nicole Hammond,Finance Associate,2024-07-24,Hired
602,James Young,Production,2025-03-11,Hired
603,Christopher Brown,Finance Associate,2024-01-22,Hired
604,Laura Le,Marketing Manager,2025-04-01,Hired
605,Mark Vang,Marketing Manager,2025-04-19,Interviewing
606,Rachel Willis,Editor,2025-05-20,Hired
607,Adrienne Mccoy,Marketing Manager,2024-12-13,Rejected
608,Adrian Kaiser,Production,2024-11-01,Rejected
609,Kenneth Maynard,Finance Associate,2024-06-19,Offer Extended
610,Keith Cabrera,Software Engineer,2024-07-29,Hired
611,Richard Allen,Finance Associate,2024-05-30,Rejected
612,Nicholas Sawyer,Finance Associate,2025-01-09,Interviewing
613,Mr. Luis Kaiser PhD,Data Analyst,2025-03-19,Offer Extended
614,Edward Reyes,Software Engineer,2024-08-06,Rejected
615,Alexis Brady,HR Coordinator,2025-03-23,Interviewing
616,Brandi Henderson,Software Engineer,2024-12-03,Offer Extended
617,Jordan Ross,Marketing Manager,2025-04-14,Phone Screen
618,William Serrano,Marketing Manager,2025-06-22,Interviewing
619,Jeffrey Martin,Editor,2025-06-02,Interviewing
620,Erica Lopez,Production,2025-01-07,Hired
621,Mark Davis,Editor,2025-05-01,Hired
622,Oscar Anderson,HR Coordinator,2024-03-01,Interviewing
623,Justin Hale,Production,2024-08-29,Hired
624,Jared Jordan,Data Analyst,2024-02-10,Rejected
625,Trevor Herrera,HR Coordinator,2024-10-04,Phone Screen
626,Rebecca Allison,Marketing Manager,2024-03-18,Offer Extended
627,Joel Fowler,Finance Associate,2024-06-07,Interviewing
628,Amy Allen,Finance Associate,2024-12-03,Interviewing
629,Christine Brown,Editor,2024-10-04,Offer Extended
630,Timothy Hernandez,Marketing Manager,2025-01-06,Interviewing
631,Margaret Hunter,Finance Associate,2024-06-22,Rejected
632,Amanda Blair,Software Engineer,2025-02-12,Phone Screen
633,Catherine Smith DVM,Production,2025-02-07,Rejected
634,Jonathan Cook,Software Engineer,2025-01-21,Hired
635,Derek Adams,Data Analyst,2025-05-23,Hired
636,Matthew Thomas,HR Coordinator,2025-04-17,Rejected
637,Tristan Odom,Editor,2025-04-21,Interviewing
638,Chad Webster,Editor,2024-01-17,Interviewing
639,Courtney Myers,Software Engineer,2025-06-09,Interviewing
640,Amber Burke,HR Coordinator,2024-02-18,Interviewing
641,Ronald Hill,Marketing Manager,2025-06-02,Hired
642,Carlos Medina,Marketing Manager,2024-06-16,Rejected
643,James Harmon,Data Analyst,2025-04-28,Phone Screen
644,Michael Sullivan,Finance Associate,2024-01-08,Interviewing
645,Emily Chapman,Software Engineer,2024-10-06,Offer Extended
646,Sarah Chase,Finance Associate,2025-05-29,Rejected
647,Brian Lawson,Production,2024-09-14,Offer Extended
648,Steve Bonilla,Software Engineer,2024-03-15,Phone Screen
649,Sean Morris,HR Coordinator,2024-11-01,Rejected
650,Monica Shelton,Finance Associate,2024-10-25,Interviewing
651,Charles Mullins,HR Coordinator,2024-05-08,Rejected
652,Dr. Sherri Powell,Marketing Manager,2024-12-12,Hired
653,Zachary Pittman,Production,2024-06-21,Rejected
654,Justin Rivera,Marketing Manager,2024-12-17,Interviewing
655,Joshua Clayton,Editor,2025-06-18,Interviewing
656,Richard Sherman,Production,2024-12-29,Offer Extended
657,Nicole Jackson,Production,2025-03-18,Rejected
658,Vincent Gonzalez,Data Analyst,2025-04-17,Offer Extended
659,Alejandro Mooney,Production,2025-02-08,Rejected
660,Daniel Smith,Software Engineer,2024-05-27,Rejected
661,Jesse Ward,HR Coordinator,2025-05-25,Rejected
662,Austin Stewart,HR Coordinator,2024-07-14,Hired
663,Todd Roy,Software Engineer,2025-05-06,Rejected
664,Kristin Davis,Marketing Manager,2024-01-19,Rejected
665,Latoya Jensen,HR Coordinator,2024-10-13,Rejected
666,Patricia Payne,HR Coordinator,2024-07-01,Rejected
667,Patricia Price,Finance Associate,2024-10-18,Hired
668,Brenda Proctor DVM,Data Analyst,2024-06-30,Phone Screen
669,Michael Smith,Finance Associate,2024-09-10,Hired
670,Dylan Elliott,Software Engineer,2024-11-28,Phone Screen
671,Raymond Robinson,Data Analyst,2024-12-28,Rejected
672,Kathryn Parker,Data Analyst,2024-11-03,Interviewing
673,Jacob Wright,Production,2024-12-06,Hired
674,Kaitlin Reese,Marketing Manager,2024-09-06,Rejected
675,Tyler Martinez,Software Engineer,2024-03-26,Offer Extended
676,John Murray,Production,2024-01-27,Rejected
677,Benjamin Johnson,Editor,2024-02-13,Hired
678,Ryan Smith,Marketing Manager,2024-02-13,Interviewing
679,Michael Ortiz,HR Coordinator,2024-07-14,Interviewing
680,Jacqueline Odom,Finance Associate,2024-10-31,Rejected
681,Megan Richardson,Editor,2024-07-13,Interviewing
682,Michael Townsend,HR Coordinator,2024-10-07,Hired
683,Lauren Hudson,Data Analyst,2024-05-19,Rejected
684,Cynthia Short,HR Coordinator,2025-01-09,Rejected
685,Sharon Williams,Marketing Manager,2025-01-04,Rejected
686,Randy Wolfe,Finance Associate,2025-05-09,Phone Screen
687,Gabriela Murphy,Finance Associate,2024-10-01,Rejected
688,Adam Daniels,Software Engineer,2025-01-23,Phone Screen
689,George Mcmillan,HR Coordinator,2024-02-09,Hired
690,Michael Jones,Editor,2025-04-23,Offer Extended
691,Dennis Chambers,HR Coordinator,2025-05-07,Rejected
692,Karen Goodman,Production,2024-04-08,Hired
693,Crystal Lewis MD,Software Engineer,2025-04-29,Rejected
694,Michael Henson,HR Coordinator,2024-05-13,Phone Screen
695,Elizabeth Allen,HR Coordinator,2024-06-19,Offer Extended
696,Jennifer Clements,Editor,2024-07-02,Phone Screen
697,Gina Edwards,Data Analyst,2024-09-21,Phone Screen
698,James Berg,Production,2024-01-03,Offer Extended
699,Derrick Leonard,Software Engineer,2025-01-19,Hired
700,Bryan Miller,Software Engineer,2024-06-13,Rejected
701,Karen Stokes,Marketing Manager,2024-10-18,Interviewing
702,Victoria Davis,Editor,2025-04-20,Phone Screen
703,Monica Williams,Editor,2024-06-12,Offer Extended
704,Keith Bolton,Data Analyst,2025-01-17,Rejected
705,Ashley Walters,HR Coordinator,2025-01-18,Phone Screen
706,Laura Morrison,Data Analyst,2025-03-12,Interviewing
707,Douglas Evans,Editor,2024-01-24,Hired
708,Jacob Jones,Finance Associate,2024-12-16,Phone Screen
709,Gabrielle Collins,HR Coordinator,2024-03-14,Phone Screen
710,Antonio Kirk,HR Coordinator,2025-04-02,Offer Extended
711,Joseph Jackson,Production,2025-03-26,Offer Extended
712,Rita Anderson,Software Engineer,2024-07-20,Interviewing
713,Joshua Taylor,HR Coordinator,2024-08-10,Offer Extended
714,Teresa Foley,Marketing Manager,2024-04-19,Phone Screen
715,Dan Pham,HR Coordinator,2025-06-29,Interviewing
716,Rebecca Gonzalez,Data Analyst,2024-03-12,Interviewing
717,Dustin King,Software Engineer,2024-05-29,Offer Extended
718,Blake King,Data Analyst,2025-03-17,Offer Extended
719,Matthew Lewis,Finance Associate,2024-07-22,Offer Extended
720,Jose Mitchell,HR Coordinator,2024-04-04,Rejected
721,Michael Lewis,Production,2024-06-16,Rejected
722,Mary Williams,Finance Associate,2025-01-21,Interviewing
723,Jennifer Kennedy,HR Coordinator,2024-03-15,Offer Extended
724,Keith Whitaker,Data Analyst,2024-08-06,Hired
725,Nicole Moore,HR Coordinator,2025-01-29,Phone Screen
726,Alan Nguyen,Data Analyst,2024-09-10,Rejected
727,Andrew Miles,Editor,2025-06-29,Phone Screen
728,Leslie Charles,Production,2025-03-11,Offer Extended
729,Holly Campbell,Data Analyst,2025-06-04,Phone Screen
730,Andrea Vargas,Data Analyst,2024-12-06,Offer Extended
731,Sarah Lopez,HR Coordinator,2024-11-26,Interviewing
732,David Anderson,Production,2024-05-23,Rejected
733,William Gomez,Production,2025-06-13,Hired
734,Donald Meyer,Editor,2024-03-10,Hired
735,Jonathan Buchanan,Data Analyst,2024-01-21,Phone Screen
736,Jessica Reed,Production,2024-04-15,Offer Extended
737,Peter Santiago,HR Coordinator,2024-04-17,Offer Extended
738,Matthew Deleon,HR Coordinator,2024-10-11,Hired
739,Deborah Stewart,Data Analyst,2024-06-04,Rejected
740,Richard Martinez,HR Coordinator,2024-06-28,Offer Extended
741,Shane Jones,Production,2024-06-23,Hired
742,Lori Evans,Data Analyst,2025-02-13,Rejected
743,Mary Thomas,HR Coordinator,2024-10-07,Phone Screen
744,Manuel Rasmussen,Finance Associate,2024-08-21,Rejected
745,Fred Bryant,Finance Associate,2024-11-19,Rejected
746,Michael Garza,Software Engineer,2025-06-27,Offer Extended
747,Lisa Osborn,Software Engineer,2024-03-23,Hired
748,Jonathan Carter,Software Engineer,2024-02-15,Hired
749,Nathan Foster,Finance Associate,2024-04-28,Hired
750,Kristin Garcia MD,Production,2025-04-06,Interviewing
751,Stacey Cross,HR Coordinator,2024-10-23,Rejected
752,Amanda Olson,Data Analyst,2024-08-06,Interviewing
753,Theresa Bowman,Software Engineer,2024-07-24,Offer Extended
754,Christine Foster,HR Coordinator,2024-07-06,Interviewing
755,John Wolfe,Finance Associate,2024-06-15,Phone Screen
756,Lisa Price,Software Engineer,2025-03-10,Rejected
757,Latoya Carter,Production,2024-09-03,Offer Extended
758,Christopher Baker,Editor,2024-12-14,Hired
759,Edward George,HR Coordinator,2025-02-10,Rejected
760,Charles Taylor,Finance Associate,2024-09-20,Rejected
761,Reginald Palmer,HR Coordinator,2025-06-15,Hired
762,Alejandro Bailey,Data Analyst,2024-01-19,Phone Screen
763,Christina Russell,HR Coordinator,2024-12-29,Interviewing
764,Garrett Quinn,Software Engineer,2024-07-05,Hired
765,Angela Ryan,Software Engineer,2025-02-02,Hired
766,Karen Mack MD,Finance Associate,2024-08-23,Phone Screen
767,Crystal Hicks,Production,2024-03-30,Interviewing
768,Helen Perez,Marketing Manager,2024-04-17,Interviewing
769,Angela Aguilar,Editor,2024-11-20,Phone Screen
770,Theresa Kennedy,Editor,2025-04-21,Interviewing
771,Jennifer Caldwell,Software Engineer,2024-08-26,Interviewing
772,Nicholas Harding,Finance Associate,2024-11-04,Rejected
773,Kayla Rodriguez,Finance Associate,2024-06-02,Rejected
774,Richard Wheeler,Production,2025-02-25,Offer Extended
775,Edwin Ritter,Production,2024-07-18,Interviewing
776,Kevin Moore,Marketing Manager,2025-01-29,Interviewing
777,Jermaine Chapman,HR Coordinator,2025-01-14,Interviewing
778,Michael Spence,Data Analyst,2024-10-17,Phone Screen
779,Joseph Ferguson DVM,Production,2024-06-24,Interviewing
780,Franklin Bowman,Data Analyst,2024-09-27,Phone Screen
781,Jamie Blackwell,Editor,2024-11-19,Rejected
782,Ronald Higgins,Production,2024-10-12,Rejected
783,Christina Calderon,Editor,2024-05-14,Offer Extended
784,Robin Gilbert,Production,2025-03-19,Hired
785,Amber Smith,Production,2024-09-14,Hired
786,Kenneth Cruz,Finance Associate,2025-05-07,Hired
787,Shane Curry,HR Coordinator,2025-01-05,Rejected
788,Jenna Rodriguez,Finance Associate,2025-03-29,Phone Screen
789,Edward Foster,Finance Associate,2024-02-23,Rejected
790,Debra Watkins,Production,2025-03-09,Hired
791,Brandon Williams,HR Coordinator,2025-05-22,Phone Screen
792,Douglas Taylor,Marketing Manager,2024-05-05,Interviewing
793,Brandy Butler,HR Coordinator,2025-04-19,Hired
794,James Valencia,Editor,2024-07-31,Hired
795,Thomas Charles,Data Analyst,2024-06-24,Hired
796,Cory Reid,HR Coordinator,2024-06-27,Hired
797,Scott Tucker,Data Analyst,2024-05-07,Rejected
798,Kristin Mills,Data Analyst,2024-05-27,Phone Screen
799,Robert Torres,Software Engineer,2025-03-08,Rejected
800,Amber Bender,Finance Associate,2024-09-30,Rejected
801,Katherine Miller,Marketing Manager,2024-12-22,Rejected
802,Daniel Smith,Software Engineer,2024-08-21,Interviewing
803,Derek Walker,Finance Associate,2024-11-19,Rejected
804,William Goodman,Software Engineer,2025-02-01,Phone Screen
805,Christopher Harrell,Finance Associate,2024-01-28,Offer Extended
806,Joe Hays,Finance Associate,2024-01-10,Interviewing
807,Lindsay Vang,Data Analyst,2025-01-27,Rejected
808,Sarah Gallegos,Editor,2025-04-05,Interviewing
809,Douglas Rose,Finance Associate,2024-03-09,Hired
810,Nicholas Saunders,Software Engineer,2024-02-01,Offer Extended
811,Kristin Werner,Software Engineer,2024-02-07,Phone Screen
812,Kendra Roberson,Data Analyst,2024-03-08,Offer Extended
813,Stacey Mccall,Finance Associate,2024-06-11,Phone Screen
814,Ms. Crystal Klein,Marketing Manager,2024-09-02,Phone Screen
815,Joshua Banks,Software Engineer,2024-05-15,Interviewing
816,Jason Barnett,HR Coordinator,2025-04-22,Phone Screen
817,Brittney Collins,Data Analyst,2024-07-23,Interviewing
818,Brandy Rodriguez,Finance Associate,2024-02-09,Phone Screen
819,James Cooper,Marketing Manager,2024-02-04,Rejected
820,Thomas Powers,Production,2025-02-21,Hired
821,Madison Price,Software Engineer,2025-04-18,Hired
822,James Johnson MD,Production,2025-01-06,Phone Screen
823,David Boone,Production,2024-02-14,Phone Screen
824,David Thomas,Production,2024-03-03,Rejected
825,Jeffrey Alexander,Production,2024-03-20,Rejected
826,Heather Stewart,Production,2024-05-26,Rejected
827,Sierra Marshall,HR Coordinator,2024-01-04,Offer Extended
828,Victor Lara,HR Coordinator,2024-07-17,Hired
829,Cindy Stewart,Production,2025-01-14,Interviewing
830,Lisa Reed,Production,2024-04-04,Rejected
831,Todd Johnson,Editor,2025-04-20,Offer Extended
832,Elizabeth Neal,Production,2024-08-03,Interviewing
833,Meghan Graham,Marketing Manager,2024-11-03,Rejected
834,Philip Forbes,Production,2025-01-10,Hired
835,Julie Davis,Production,2024-11-07,Phone Screen
836,William Ross,Software Engineer,2024-03-16,Hired
837,Stephanie Deleon,Data Analyst,2024-10-20,Offer Extended
838,Katelyn Dunn,Production,2025-06-11,Phone Screen
839,Sarah Newton,Data Analyst,2024-02-18,Rejected
840,Marcus Simpson,Finance Associate,2025-03-15,Rejected
841,Patricia Brooks,Data Analyst,2024-03-29,Rejected
842,Philip Santiago,Finance Associate,2024-01-16,Offer Extended
843,Jennifer Collins,HR Coordinator,2025-06-26,Rejected
844,Cameron Thomas,Marketing Manager,2024-08-03,Interviewing
845,Amanda Nguyen,Production,2024-04-15,Rejected
846,Mrs. Kayla Edwards,Data Analyst,2025-01-23,Offer Extended
847,Whitney Harris,Software Engineer,2024-01-11,Phone Screen
848,Rachel Johnson,Editor,2024-08-01,Interviewing
849,Elizabeth Sawyer,Production,2024-09-12,Phone Screen
850,Carlos Hester,Software Engineer,2024-07-01,Offer Extended
851,Mrs. Christina Mckay,Editor,2024-10-21,Phone Screen
852,Tammy Mcintyre,Marketing Manager,2024-04-16,Interviewing
853,Destiny Barajas,Finance Associate,2024-08-06,Rejected
854,Marcia Moore,HR Coordinator,2024-05-25,Rejected
855,Sherry Burton MD,Production,2025-01-13,Hired
856,Shelley Garcia,Finance Associate,2025-03-26,Phone Screen
857,Samantha Graham,Software Engineer,2024-10-12,Rejected
858,Dennis Scott,HR Coordinator,2025-03-05,Hired
859,Courtney Hernandez,HR Coordinator,2025-03-22,Rejected
860,David Howell,HR Coordinator,2024-11-19,Offer Extended
861,Jessica Huber,Editor,2025-06-10,Hired
862,Daniel Henson,Editor,2024-02-05,Offer Extended
863,Ryan Mccullough,Software Engineer,2025-05-10,Offer Extended
864,Randall Burke,Software Engineer,2025-06-09,Interviewing
865,Steve Hicks,Production,2025-06-26,Phone Screen
866,Roy Duran,Data Analyst,2024-12-20,Offer Extended
867,Jill Moore,HR Coordinator,2024-02-18,Offer Extended
868,Mary Mcclain,Editor,2024-09-25,Offer Extended
869,Mindy Donovan,HR Coordinator,2024-03-26,Interviewing
870,Thomas Sandoval,Finance Associate,2024-06-24,Hired
871,Benjamin Padilla,Finance Associate,2024-11-14,Hired
872,Michelle Acosta,Production,2024-12-14,Phone Screen
873,Deanna Murphy,Production,2024-09-20,Phone Screen
874,Phillip Hall,Editor,2024-06-11,Hired
875,Roberta Harmon,Data Analyst,2024-11-16,Offer Extended
876,Dean Moore,Finance Associate,2025-06-23,Hired
877,Angela May,Production,2025-02-19,Offer Extended
878,Ronald Henderson,Data Analyst,2025-03-07,Hired
879,Scott Lewis,Production,2025-06-18,Rejected
880,Robert Acosta,Data Analyst,2025-04-29,Rejected
881,Alexis Klein,Marketing Manager,2024-06-19,Offer Extended
882,Rebecca Campbell,Editor,2024-01-25,Offer Extended
883,John Wright,HR Coordinator,2024-03-05,Phone Screen
884,Christopher Gray,Editor,2024-01-04,Rejected
885,David Gomez,Production,2024-12-27,Hired
886,Brian Gardner,Editor,2025-03-05,Offer Extended
887,Bradley Miller,Software Engineer,2024-06-24,Interviewing
888,Jamie Hill DVM,Finance Associate,2024-11-29,Rejected
889,Austin Pitts,Editor,2024-10-23,Hired
890,Gerald Hughes,Marketing Manager,2025-03-14,Hired
891,Anna Schneider,Production,2025-04-02,Offer Extended
892,Nicholas Poole,Data Analyst,2024-01-02,Phone Screen
893,Mallory Haynes,Data Analyst,2024-12-12,Phone Screen
894,Hannah Hall,HR Coordinator,2025-04-19,Offer Extended
895,Rodney Wade,HR Coordinator,2024-02-20,Offer Extended
896,Lawrence Henry,Finance Associate,2024-08-06,Hired
897,Kurt Smith,HR Coordinator,2024-01-17,Interviewing
898,Bradley Davis,Marketing Manager,2024-09-07,Phone Screen
899,Sylvia Sellers,Finance Associate,2024-03-04,Rejected
900,Melinda Green,HR Coordinator,2024-03-18,Interviewing
901,Cynthia Leonard,Production,2024-08-11,Hired
902,Ms. Alyssa Moore MD,Editor,2024-08-24,Phone Screen
903,Dana Adams,Software Engineer,2024-11-24,Interviewing
904,Stacy Tate,Software Engineer,2024-05-21,Phone Screen
905,Keith Hays,Finance Associate,2025-03-25,Phone Screen
906,Olivia Roman,Production,2024-12-26,Hired
907,Donald Bolton,Finance Associate,2024-12-29,Hired
908,Kenneth Williams,Finance Associate,2025-05-01,Rejected
909,Ashley Carter DDS,Software Engineer,2025-02-15,Phone Screen
910,Melissa Lawson,Finance Associate,2025-04-09,Interviewing
911,Keith Harvey,Data Analyst,2025-06-20,Interviewing
912,John Vasquez,Editor,2025-05-14,Interviewing
913,Charles Pham,Software Engineer,2024-01-18,Offer Extended
914,Diana Harris,Marketing Manager,2025-02-20,Offer Extended
915,Jeremy Farmer,Data Analyst,2024-05-06,Interviewing
916,Jennifer Johnson,Production,2025-05-24,Offer Extended
917,Russell Williams,Editor,2024-02-01,Phone Screen
918,Stephen Allison,Finance Associate,2024-12-05,Rejected
919,Paula Hess,Editor,2024-01-08,Hired
920,John Downs,HR Coordinator,2024-08-23,Rejected
921,Eric Faulkner,Editor,2024-02-21,Offer Extended
922,Ryan Lawson,Editor,2024-10-08,Interviewing
923,Dawn Fisher,Finance Associate,2024-10-12,Interviewing
924,Jennifer Bradley,Production,2024-04-24,Interviewing
925,Sarah Huffman,HR Coordinator,2024-11-16,Phone Screen
926,Michael Moore,HR Coordinator,2024-05-09,Rejected
927,Lori Young,Marketing Manager,2024-08-25,Phone Screen
928,Kayla Rogers,HR Coordinator,2025-05-20,Hired
929,Alexander Scott,Editor,2025-04-28,Phone Screen
930,Alex Barrett,HR Coordinator,2025-02-02,Hired
931,Nicholas Coleman,Production,2025-05-16,Rejected
932,Adam Hayes,HR Coordinator,2025-01-09,Interviewing
933,Ricardo Bowman,Data Analyst,2024-05-17,Interviewing
934,Robert Madden,Marketing Manager,2025-05-02,Hired
935,Kimberly Barnes,Software Engineer,2024-06-19,Offer Extended
936,Mary Yang,Finance Associate,2025-04-10,Interviewing
937,Christina Alvarado,Editor,2024-01-05,Phone Screen
938,Anthony Mcdonald,Data Analyst,2024-08-12,Rejected
939,Brian Hernandez,Production,2024-06-09,Hired
940,Jodi Joseph,HR Coordinator,2024-06-26,Offer Extended
941,Latoya Reid,Software Engineer,2024-05-20,Hired
942,Mary Underwood,Software Engineer,2024-08-11,Phone Screen
943,Mr. Henry Price,Editor,2024-10-27,Interviewing
944,Brittany Little,Software Engineer,2025-01-26,Offer Extended
945,Timothy Young,Production,2024-09-21,Rejected
946,Erika Winters,Data Analyst,2024-11-13,Phone Screen
947,John Williamson,Production,2025-01-24,Offer Extended
948,Ernest Patel,HR Coordinator,2024-03-14,Offer Extended
949,Jennifer Banks,Editor,2024-01-01,Offer Extended
950,Jamie Marquez,Finance Associate,2025-03-16,Hired
951,David Smith,Production,2025-03-31,Offer Extended
952,Jeremy Ware,Editor,2024-03-03,Hired
953,Spencer Khan,Marketing Manager,2024-03-07,Hired
954,Paul Barry,Data Analyst,2024-01-29,Offer Extended
955,Christina Juarez,Finance Associate,2024-08-23,Rejected
956,Pamela Jones,HR Coordinator,2024-02-28,Hired
957,Justin Cruz,Data Analyst,2025-02-20,Phone Screen
958,Steven Rollins Jr.,Marketing Manager,2024-11-22,Interviewing
959,Kristin Adams,Software Engineer,2025-03-29,Interviewing
960,Anthony Trevino,Editor,2024-09-09,Interviewing
961,Angela Harris,Software Engineer,2025-01-11,Offer Extended
962,Robert Brown,Finance Associate,2024-01-26,Hired
963,Matthew Parker,Production,2025-03-28,Phone Screen
964,David Wilson,Editor,2025-04-12,Interviewing
965,Margaret Woods,Finance Associate,2024-03-16,Rejected
966,Jeffrey Mccoy,Data Analyst,2025-01-17,Offer Extended
967,Charles Roberts,Software Engineer,2024-02-23,Phone Screen
968,Laura Malone,Editor,2024-05-05,Interviewing
969,Robert Francis,Software Engineer,2024-05-19,Rejected
970,Matthew Long,Data Analyst,2024-11-03,Hired
971,Eric Rogers,Production,2025-06-03,Interviewing
972,Stephen Michael,Marketing Manager,2024-12-09,Hired
973,Travis Smith,Finance Associate,2024-05-22,Interviewing
974,Katie Gutierrez,HR Coordinator,2024-09-23,Rejected
975,John Bell,Marketing Manager,2025-04-06,Rejected
976,David Peters IV,Finance Associate,2024-04-10,Interviewing
977,David Sims,Data Analyst,2024-12-23,Offer Extended
978,Andrew Hoover,Marketing Manager,2024-12-26,Hired
979,Bruce Watson,Data Analyst,2025-02-17,Interviewing
980,Jesus Martinez,HR Coordinator,2025-06-23,Phone Screen
981,Andrew Choi,HR Coordinator,2024-11-14,Phone Screen
982,Marcus Mcclain,Production,2024-01-29,Interviewing
983,Rachel Middleton,Production,2025-05-03,Offer Extended
984,Matthew Mccarty,Finance Associate,2025-02-13,Hired
985,Diana Robinson,HR Coordinator,2024-09-02,Offer Extended
986,Ronald Bray,Editor,2024-11-29,Phone Screen
987,James Lowe,Production,2024-07-25,Phone Screen
988,William Miller,Production,2024-04-06,Phone Screen
989,Randy Wagner,Software Engineer,2024-02-28,Phone Screen
990,Cheryl Bowers,HR Coordinator,2024-05-17,Offer Extended
991,Evan Phelps,Marketing Manager,2025-02-22,Offer Extended
992,Margaret Page,Production,2024-06-29,Offer Extended
993,Susan Valdez,Production,2024-02-21,Interviewing
994,Sara Torres,Finance Associate,2024-03-26,Rejected
995,Jason Rhodes,Production,2024-12-20,Phone Screen
996,Jessica Bright,Data Analyst,2024-04-15,Rejected
997,Matthew Carroll,Editor,2024-06-25,Rejected
998,Chris Oneill,Marketing Manager,2024-12-18,Phone Screen
999,Michael Ortiz,Editor,2024-08-10,Rejected
1000,Mitchell Humphrey,Software Engineer,2025-06-16,Hired
